participant_id,sex,age,race,class_year,full_time,sleep_hours,study_hours_week,physical_activity_days,alcohol_drinks_week,food_insecure,breakfast_days_week,fast_food_freq_week,fruit_servings_week,veg_servings_week,milk_servings_week,soda_servings_week,breakfast_quality,diet_quality_overall,pre_test_meal,gpa,biology_test_score,caffeine,non_acad_wrk_hrs,stress
1,female,20,hispanic,junior,1,5.86,10.38,2,4,0,4,3,2,1,13,11,good,good,home_made,3.51,89.96,116,0.0,24
2,female,18,white,junior,1,8.67,4.91,5,6,0,2,1,4,11,5,1,average,good,fast_food,2.98,80.24,102,1.0,19
3,female,19,white,freshman,1,9.25,17.65,2,5,0,1,2,2,2,5,6,good,average,fast_food,3.68,69.98,112,0.0,22
4,male,18,black,junior,1,8.03,7.06,2,0,0,5,0,1,7,12,8,average,average,fast_food,3.71,88.08,60,0.0,22
5,female,20,asian,sophomore,1,5.66,16.81,4,4,0,7,3,4,12,11,5,average,poor,fast_food,3.04,75.07,141,0.0,22
6,female,19,other,freshman,1,8.49,11.68,4,4,0,6,1,10,2,4,4,average,average,home_made,3.62,90.81,131,4.0,19
7,female,19,white,junior,1,6.87,17.3,0,2,0,7,0,11,13,1,9,average,average,restaurant,4.0,95.71,98,0.0,25
8,female,20,other,senior,1,6.24,11.82,5,1,0,5,3,8,12,7,2,poor,average,restaurant,3.39,87.22,144,0.0,24
9,female,18,white,freshman,1,5.87,16.92,4,1,0,0,5,2,12,5,7,good,good,restaurant,3.18,89.18,96,0.0,22
10,female,18,hispanic,sophomore,1,7.61,16.1,2,4,0,2,3,1,6,9,14,average,average,fast_food,3.19,76.54,111,0.0,23
11,male,18,other,senior,0,8.28,9.88,1,3,0,4,1,3,4,9,4,good,average,fast_food,3.52,97.56,103,13.5,19
12,male,19,other,freshman,0,6.75,11.6,4,2,1,5,3,0,9,9,7,average,average,restaurant,3.21,83.89,91,0.0,20
13,female,20,white,junior,1,8.89,11.52,2,0,0,5,1,4,4,4,19,good,average,home_made,3.05,90.13,92,0.0,19
14,female,20,white,senior,1,5.42,20.18,2,3,1,0,0,5,9,5,10,good,poor,restaurant,4.0,91.0,135,0.0,19
15,female,19,white,sophomore,1,5.51,22.63,2,3,0,1,1,11,10,13,2,average,good,home_made,3.92,100.0,129,0.0,18
16,female,21,white,senior,1,6.94,15.65,0,0,0,6,0,6,3,10,6,average,poor,fast_food,3.99,100.0,116,8.5,20
17,female,19,white,senior,1,8.52,13.39,3,2,0,1,1,6,7,8,8,average,good,fast_food,3.67,76.95,141,8.5,18
18,male,22,white,sophomore,0,6.82,7.76,4,3,0,2,0,1,5,8,11,good,poor,home_made,3.2,81.21,130,10.0,23
19,male,19,white,freshman,1,6.46,6.78,3,0,1,0,0,1,11,11,20,average,poor,fast_food,3.06,96.43,98,0.0,19
20,female,18,white,freshman,1,7.48,12.37,3,3,1,2,2,2,8,10,7,poor,average,restaurant,3.46,88.8,102,0.5,18
21,female,19,white,junior,1,7.63,19.65,2,3,0,1,0,8,8,1,1,poor,good,fast_food,4.0,87.76,101,0.0,26
22,male,19,other,sophomore,1,6.08,1.29,3,5,0,4,7,7,2,3,14,average,good,restaurant,2.5,69.97,106,13.0,22
23,female,20,white,freshman,1,5.98,17.76,5,3,1,7,4,3,9,8,19,poor,poor,home_made,3.4,98.12,170,0.0,24
24,male,22,white,junior,1,6.63,16.88,0,3,1,0,3,1,6,8,3,average,average,fast_food,3.26,88.5,182,0.0,19
25,male,20,other,freshman,1,7.85,14.95,0,2,0,3,0,6,11,8,0,average,average,fast_food,3.38,85.71,86,0.0,17
26,female,21,white,freshman,1,6.11,9.83,3,2,1,7,0,10,6,4,1,good,average,fast_food,3.39,73.49,67,4.5,23
27,female,21,hispanic,sophomore,1,7.7,9.56,2,0,0,6,1,0,6,4,0,average,good,fast_food,4.0,79.8,63,4.5,16
28,female,20,asian,sophomore,1,7.49,8.36,1,0,0,3,5,1,12,12,20,average,average,home_made,3.33,94.19,73,0.5,22
29,female,22,white,junior,1,8.28,0.0,4,2,0,7,2,0,5,13,13,good,good,home_made,3.61,84.67,64,12.5,17
30,female,19,white,junior,1,6.8,13.45,3,0,0,3,4,5,10,11,7,good,average,fast_food,3.23,88.96,83,0.0,20
31,female,19,hispanic,sophomore,1,7.7,21.85,2,1,0,3,0,2,8,9,3,poor,poor,home_made,4.0,90.88,98,0.0,18
32,female,18,white,freshman,1,6.59,13.95,5,3,0,2,0,11,5,5,18,average,good,home_made,2.98,100.0,92,0.0,27
33,female,19,white,junior,1,6.02,6.74,1,1,0,6,0,2,0,1,13,poor,poor,restaurant,3.71,80.43,143,9.0,22
34,female,18,other,senior,1,6.82,12.05,0,4,1,1,0,11,13,9,4,good,average,home_made,2.37,86.25,148,21.0,24
35,female,20,white,senior,1,9.21,21.18,0,2,0,4,0,11,9,0,0,average,average,home_made,4.0,100.0,105,0.0,21
36,female,19,other,freshman,1,5.49,5.41,2,5,0,5,4,13,6,6,13,average,average,fast_food,2.71,76.53,133,0.0,19
37,female,20,white,junior,1,6.78,7.16,3,0,0,2,0,6,9,11,15,average,poor,fast_food,2.67,97.88,143,17.0,24
38,female,20,white,sophomore,1,7.07,14.33,4,4,1,5,3,12,5,12,5,poor,good,restaurant,3.38,91.05,140,2.5,17
39,female,18,other,junior,1,7.3,16.3,2,6,0,4,0,5,12,2,20,poor,good,fast_food,4.0,86.47,123,0.0,17
40,female,23,white,senior,1,8.35,12.98,4,0,0,4,1,8,1,4,1,good,average,fast_food,3.97,86.1,74,7.0,21
41,female,19,white,sophomore,1,7.22,3.74,4,0,0,2,7,4,3,7,3,average,average,home_made,3.56,88.36,81,3.5,24
42,female,18,white,senior,1,7.09,8.66,1,3,0,6,3,7,10,1,12,average,poor,fast_food,3.63,84.55,68,0.0,21
43,female,19,white,junior,1,7.52,7.64,6,0,0,4,1,8,9,10,20,average,poor,fast_food,2.96,79.99,71,0.0,19
44,female,20,white,junior,1,7.15,4.42,6,3,0,6,0,0,13,2,6,average,good,home_made,3.84,85.38,56,0.0,18
45,female,18,other,junior,1,7.92,2.04,3,0,0,0,0,1,1,5,4,average,good,home_made,3.22,65.31,71,0.0,14
46,female,21,white,senior,1,7.66,9.09,4,3,1,1,0,7,6,1,0,average,average,home_made,2.62,93.7,111,11.5,22
47,female,20,white,freshman,1,7.0,6.89,2,2,0,0,2,6,3,7,13,poor,average,restaurant,3.05,95.73,124,11.0,22
48,male,19,other,sophomore,1,8.27,8.44,3,4,0,3,4,0,3,3,13,good,poor,restaurant,3.24,100.0,98,1.5,23
49,female,18,other,junior,1,9.36,3.09,2,0,0,7,2,9,11,2,17,average,average,fast_food,3.69,92.88,78,0.0,18
50,female,20,other,freshman,1,6.55,12.61,3,0,0,7,0,0,5,6,2,poor,good,fast_food,3.92,80.69,58,0.0,14
51,female,19,white,freshman,1,6.69,12.15,0,3,0,5,3,10,7,11,0,average,average,restaurant,4.0,95.15,112,0.0,22
52,female,18,white,junior,1,6.6,5.48,4,1,0,7,2,12,13,12,11,good,average,restaurant,4.0,81.86,103,9.5,20
53,female,20,white,senior,1,5.3,9.15,3,1,0,0,4,12,1,11,3,poor,average,fast_food,2.33,80.49,123,0.0,21
54,female,18,other,freshman,1,7.58,8.49,4,2,0,7,2,7,2,11,9,poor,average,home_made,3.33,86.08,105,5.5,22
55,female,19,white,junior,1,6.13,20.09,5,5,0,4,4,7,1,6,10,average,good,restaurant,3.51,92.12,181,0.5,27
56,male,18,white,junior,1,6.63,13.94,3,6,0,5,0,11,12,1,13,average,poor,fast_food,3.19,81.16,101,0.0,23
57,female,19,black,sophomore,1,5.35,16.75,3,4,0,4,1,10,9,5,15,poor,average,fast_food,3.46,77.56,165,0.0,20
58,female,19,white,sophomore,1,5.2,17.66,2,1,0,6,1,4,13,3,13,poor,average,fast_food,3.7,81.15,140,6.5,23
59,male,19,other,freshman,1,5.19,17.87,0,5,1,7,3,3,1,7,11,good,poor,home_made,3.99,83.84,175,3.5,26
60,female,19,white,freshman,1,6.93,14.54,3,5,0,6,1,7,1,8,4,average,good,home_made,3.6,88.55,85,0.0,24
61,male,19,hispanic,senior,1,9.51,0.0,5,0,0,1,0,5,6,11,11,good,average,restaurant,3.08,80.58,100,11.5,16
62,female,21,white,freshman,1,7.28,12.08,4,0,0,1,4,2,7,13,3,average,average,restaurant,2.82,98.54,116,0.0,21
63,female,20,white,freshman,1,6.84,13.77,2,3,0,1,2,6,13,7,3,poor,good,fast_food,2.63,84.65,177,1.0,19
64,female,20,other,freshman,1,6.45,6.64,1,0,0,0,2,3,0,9,0,poor,average,home_made,2.88,75.56,69,0.0,17
65,female,21,white,freshman,1,6.96,17.65,3,4,0,3,4,3,4,8,0,good,average,home_made,3.94,87.95,136,1.5,25
66,female,19,white,junior,1,6.62,10.68,4,0,0,7,3,12,1,2,2,poor,good,restaurant,3.55,84.47,87,7.5,26
67,female,20,white,freshman,1,8.27,9.84,2,0,0,0,0,11,7,6,10,average,good,fast_food,3.33,84.28,97,4.5,20
68,male,19,white,sophomore,1,7.82,25.02,4,0,1,0,1,3,10,12,19,good,good,restaurant,3.87,100.0,128,4.5,26
69,male,18,white,sophomore,1,7.8,10.2,4,4,0,2,0,2,9,0,17,poor,average,fast_food,2.92,74.74,83,0.0,20
70,female,21,hispanic,junior,1,8.01,15.78,1,2,1,3,0,12,3,10,11,good,good,fast_food,3.8,93.54,129,9.0,21
71,female,18,hispanic,junior,1,5.09,25.56,1,4,0,5,1,9,11,10,17,average,average,fast_food,3.6,99.16,179,0.0,25
72,female,23,white,freshman,1,6.51,17.72,2,4,0,4,6,11,10,11,3,average,average,fast_food,3.04,85.12,134,11.0,31
73,male,23,other,sophomore,1,8.09,6.95,6,3,0,1,2,10,1,1,6,average,average,fast_food,3.64,68.04,86,0.0,19
74,male,18,white,junior,1,6.61,2.23,3,0,0,3,5,5,3,9,13,poor,poor,restaurant,3.14,83.22,89,0.0,25
75,female,21,white,sophomore,1,5.84,1.6,5,4,0,2,0,5,4,12,14,poor,average,fast_food,2.35,77.9,167,15.5,15
76,female,18,hispanic,freshman,1,6.69,14.7,2,3,0,7,1,6,10,0,18,poor,poor,fast_food,4.0,78.81,139,0.0,24
77,male,20,white,freshman,1,6.52,14.75,1,5,1,4,2,7,1,0,2,good,average,restaurant,3.8,82.94,122,6.5,24
78,female,20,white,senior,1,7.99,9.65,2,0,0,5,1,4,10,1,13,average,average,home_made,3.82,83.1,88,0.0,18
79,female,18,white,freshman,1,7.57,13.31,4,1,0,1,2,13,5,1,4,poor,average,restaurant,2.41,100.0,123,0.0,21
80,female,20,white,freshman,0,7.08,11.1,3,0,0,1,0,11,3,8,16,good,average,home_made,3.27,86.07,91,0.0,14
81,female,21,other,sophomore,1,6.52,11.47,2,6,0,6,4,12,8,13,15,average,average,restaurant,3.74,79.07,92,0.0,21
82,female,20,other,sophomore,1,8.03,20.54,5,0,0,1,1,11,3,0,15,average,average,fast_food,3.29,100.0,125,0.0,22
83,male,22,white,junior,0,6.98,8.35,4,4,0,6,3,4,12,10,3,poor,average,home_made,2.96,77.68,152,18.5,28
84,female,19,white,senior,1,6.78,5.67,2,5,0,1,0,3,10,6,15,good,average,restaurant,3.57,61.17,135,12.0,21
85,male,22,white,freshman,1,7.01,13.82,7,1,1,1,1,3,6,2,2,average,average,fast_food,3.49,87.87,74,2.5,19
86,female,20,other,sophomore,1,6.28,24.26,4,2,0,2,3,5,3,8,2,poor,average,restaurant,2.96,96.91,100,0.0,21
87,female,18,other,junior,1,7.89,7.05,2,2,0,5,4,13,11,4,8,good,poor,restaurant,3.97,93.4,75,0.0,23
88,female,20,hispanic,junior,1,7.94,10.97,3,2,0,4,0,10,1,8,14,good,average,restaurant,4.0,95.83,88,7.5,22
89,female,22,other,sophomore,1,5.89,9.37,3,3,0,4,3,2,1,9,15,poor,average,home_made,3.79,96.23,166,5.5,22
90,female,20,white,freshman,1,8.1,14.65,0,1,1,2,2,0,8,10,8,average,average,restaurant,2.25,84.35,107,7.0,25
91,male,20,hispanic,freshman,1,7.53,11.25,2,1,0,6,1,10,11,10,4,poor,average,restaurant,4.0,89.61,80,0.0,19
92,female,20,white,junior,0,7.27,14.1,4,5,1,3,0,3,3,3,18,average,poor,fast_food,2.75,81.29,113,10.5,28
93,female,18,white,junior,1,7.26,6.98,3,0,1,1,3,8,12,10,5,average,average,home_made,3.2,94.08,107,12.5,22
94,female,22,white,junior,0,6.44,11.12,4,2,0,0,2,5,4,0,14,good,average,restaurant,2.96,86.63,135,13.5,24
95,female,22,white,freshman,1,7.07,1.97,3,0,1,7,3,2,7,5,17,poor,good,restaurant,3.62,81.21,125,20.5,23
96,male,22,white,sophomore,1,5.66,0.0,7,1,0,5,0,2,1,0,14,average,good,fast_food,3.73,79.11,110,7.5,16
97,female,20,white,junior,1,7.19,9.72,2,4,0,3,0,8,6,12,19,average,average,fast_food,3.55,91.06,142,15.5,25
98,female,20,white,junior,1,7.11,13.4,2,3,0,6,0,7,5,12,0,poor,average,restaurant,4.0,100.0,85,2.0,21
99,female,19,other,junior,1,6.08,7.49,2,2,1,2,2,12,2,7,14,average,average,fast_food,3.05,83.18,118,15.5,26
100,female,22,hispanic,freshman,1,6.93,19.56,2,0,0,6,1,5,7,0,4,average,poor,fast_food,4.0,89.54,125,5.5,21
101,female,21,white,freshman,1,5.81,10.6,7,2,0,7,3,8,12,8,0,average,average,home_made,3.63,89.26,133,0.0,17
102,male,18,white,junior,1,7.23,8.94,2,0,0,0,2,6,12,11,6,poor,average,fast_food,2.48,84.78,76,0.0,18
103,male,19,white,junior,1,7.26,15.31,3,2,0,6,4,13,2,9,15,good,average,home_made,2.57,85.55,112,12.0,21
104,female,20,white,sophomore,1,8.52,13.29,5,1,0,4,0,0,12,12,0,average,good,fast_food,4.0,93.97,69,0.0,16
105,female,19,white,freshman,1,7.95,5.91,2,0,0,2,5,5,12,4,7,average,average,home_made,3.49,77.75,60,0.0,19
106,female,21,hispanic,senior,1,6.97,5.0,6,1,0,2,2,1,7,5,12,poor,average,restaurant,3.27,68.31,108,10.5,23
107,female,22,white,junior,0,5.43,30.86,4,3,0,5,0,11,3,7,1,poor,average,fast_food,3.64,97.18,172,8.0,32
108,female,22,other,freshman,1,9.18,18.64,2,8,1,3,3,8,10,6,13,poor,poor,restaurant,3.09,72.81,182,5.5,24
109,male,21,hispanic,junior,1,8.34,10.11,4,0,0,5,4,9,11,5,19,average,average,fast_food,3.65,98.56,67,6.5,20
110,female,18,hispanic,freshman,1,6.71,16.35,3,6,1,2,6,9,1,13,6,poor,good,restaurant,2.26,94.1,126,0.0,25
111,female,21,other,freshman,1,6.77,13.57,4,0,0,2,0,6,1,1,20,poor,average,home_made,3.05,98.22,87,0.0,14
112,female,18,white,junior,1,5.85,23.01,2,4,1,7,0,12,6,1,19,poor,average,fast_food,4.0,86.83,182,12.0,27
113,female,19,white,junior,1,6.12,13.34,2,3,0,2,8,7,13,11,0,average,average,restaurant,2.56,87.52,110,4.0,25
114,female,19,hispanic,junior,0,5.8,14.19,7,0,0,7,3,4,2,7,0,good,average,home_made,3.76,81.33,78,1.5,30
115,male,19,other,junior,1,5.91,23.56,4,5,0,2,1,4,8,9,19,average,good,restaurant,3.32,94.04,132,0.0,22
116,female,20,asian,sophomore,1,4.9,3.83,2,2,0,4,0,1,11,4,18,good,average,restaurant,3.51,71.05,97,0.0,23
117,male,21,hispanic,freshman,1,7.81,19.7,2,0,0,4,2,10,2,5,15,average,average,restaurant,4.0,91.36,84,0.0,19
118,female,20,white,senior,1,7.91,2.64,4,1,0,3,8,3,4,9,1,average,good,fast_food,2.63,88.34,76,0.0,17
119,female,18,white,sophomore,1,8.64,18.6,1,0,0,6,3,3,8,5,2,good,poor,fast_food,3.54,99.47,87,0.0,23
120,male,20,black,senior,1,6.89,1.03,4,3,1,7,1,2,2,7,16,poor,poor,fast_food,3.14,67.39,105,17.5,25
121,female,21,white,sophomore,1,5.66,9.92,3,2,0,0,0,2,10,11,20,average,average,home_made,2.97,100.0,156,0.0,25
122,female,21,hispanic,freshman,1,8.11,11.26,0,0,0,1,2,8,7,8,10,average,poor,home_made,2.5,75.89,99,5.5,18
123,female,19,white,freshman,1,8.46,13.98,1,4,0,6,1,5,12,9,10,average,average,home_made,3.86,100.0,105,0.0,24
124,female,19,white,senior,1,5.49,12.67,3,0,0,3,2,9,3,10,13,average,average,restaurant,2.84,84.06,133,7.5,19
125,female,19,asian,freshman,1,5.2,9.95,2,6,0,5,0,0,2,12,14,poor,average,home_made,3.9,69.94,114,0.0,24
126,female,21,white,senior,1,5.41,0.0,3,3,0,5,5,9,5,13,1,average,good,home_made,2.28,71.69,129,14.5,31
127,male,18,white,freshman,1,6.66,21.09,1,0,0,0,6,8,5,13,15,good,average,fast_food,2.34,98.39,117,0.0,19
128,female,19,white,sophomore,1,5.52,10.24,2,0,0,0,4,9,3,0,0,average,average,home_made,3.12,96.78,117,3.0,22
129,female,22,white,junior,1,8.45,12.69,4,1,1,3,4,7,2,3,20,good,average,fast_food,3.01,86.52,134,10.0,24
130,male,19,white,sophomore,1,6.36,5.77,2,3,1,2,0,5,9,1,1,poor,good,home_made,3.32,76.33,89,9.0,21
131,male,22,white,freshman,1,6.21,17.18,1,0,0,6,3,8,9,4,11,average,good,home_made,3.55,100.0,81,0.0,15
132,female,21,white,sophomore,1,8.45,4.26,2,4,0,3,2,5,10,0,11,poor,average,fast_food,2.73,72.11,142,0.0,20
133,female,18,white,sophomore,1,6.02,10.68,3,3,1,6,3,2,8,8,2,average,good,home_made,2.69,81.52,122,7.5,21
134,female,18,white,freshman,1,7.76,6.08,3,1,0,1,0,11,8,12,11,average,good,restaurant,3.0,85.42,83,0.0,21
135,female,22,black,sophomore,1,6.37,14.57,3,0,0,2,4,13,10,13,15,good,poor,home_made,2.75,94.66,109,0.0,19
136,female,18,white,freshman,1,6.66,10.99,2,0,0,5,3,13,5,3,2,good,average,home_made,4.0,81.48,100,0.0,26
137,female,19,black,freshman,1,4.74,15.24,4,5,0,0,3,11,1,3,0,poor,poor,restaurant,3.16,98.05,145,7.5,24
138,male,20,black,sophomore,1,6.26,10.95,4,0,0,7,1,13,5,6,11,good,average,fast_food,3.7,88.06,112,0.0,18
139,female,20,other,freshman,1,7.77,5.2,0,2,0,3,2,6,13,12,14,poor,average,restaurant,3.62,81.75,106,0.0,22
140,female,22,other,junior,1,7.65,21.66,7,0,0,0,2,3,7,8,3,poor,average,home_made,3.52,94.96,120,2.5,18
141,female,18,other,freshman,1,7.03,11.2,5,5,1,4,2,7,9,13,14,average,average,fast_food,3.85,72.02,123,0.0,24
142,female,20,white,senior,1,7.79,14.1,3,3,0,5,10,4,6,6,10,average,poor,restaurant,2.56,91.01,98,3.5,27
143,female,21,hispanic,junior,1,8.39,11.66,3,0,1,2,0,6,13,2,20,average,good,fast_food,3.69,100.0,98,0.0,15
144,female,19,white,sophomore,1,6.4,5.76,3,0,0,5,3,13,2,6,4,poor,average,restaurant,3.72,79.51,90,0.0,21
145,male,18,white,senior,1,8.8,17.46,5,2,0,5,3,1,1,7,1,good,good,home_made,3.62,100.0,122,11.0,22
146,female,19,white,junior,1,6.22,8.07,2,2,1,3,0,13,5,2,7,average,average,restaurant,2.72,88.5,166,11.5,28
147,male,18,hispanic,freshman,1,5.02,16.0,2,0,0,6,2,4,3,5,8,poor,average,fast_food,4.0,81.1,95,0.0,17
148,female,20,white,junior,1,6.45,12.87,3,1,1,7,0,11,0,10,8,poor,good,fast_food,3.56,85.64,154,12.0,20
149,male,21,white,junior,0,6.58,13.99,0,2,0,2,1,2,10,2,2,poor,poor,fast_food,3.81,93.91,126,19.5,27
150,female,19,other,senior,1,6.9,7.62,0,2,0,1,0,12,8,8,4,average,average,restaurant,2.83,82.0,74,4.5,22
151,female,21,white,senior,1,7.43,0.0,3,5,0,1,0,3,2,5,10,poor,good,home_made,2.81,72.79,100,0.0,21
152,male,18,other,freshman,1,7.27,13.6,4,1,1,4,1,8,12,3,18,average,poor,restaurant,3.43,95.82,90,0.0,22
153,female,18,white,freshman,1,4.99,10.48,0,1,0,4,0,12,11,1,10,average,average,restaurant,3.25,80.55,122,0.0,20
154,female,21,white,sophomore,1,6.95,5.67,1,8,0,6,1,7,1,13,15,good,good,fast_food,2.72,66.03,88,10.5,23
155,female,19,white,sophomore,1,5.46,9.84,1,0,1,1,2,13,3,5,12,good,average,home_made,3.5,75.06,111,10.5,27
156,female,20,white,junior,1,7.45,22.94,4,3,0,0,0,12,8,1,5,poor,poor,fast_food,3.87,100.0,135,0.0,19
157,female,18,other,freshman,1,7.32,15.69,5,4,1,1,1,13,1,7,20,average,average,home_made,3.43,100.0,129,2.0,30
158,female,18,white,senior,1,8.43,14.87,4,0,0,1,1,8,6,12,9,average,poor,restaurant,3.25,94.32,98,0.0,21
159,male,21,white,freshman,1,5.52,13.62,3,1,1,3,3,10,13,2,19,average,poor,fast_food,2.54,83.63,145,0.0,20
160,female,20,hispanic,junior,1,9.1,10.79,3,0,0,2,2,8,10,2,12,average,poor,fast_food,3.65,83.62,121,0.0,21
161,male,20,white,senior,1,7.65,9.95,4,5,0,0,1,11,6,12,18,average,good,home_made,4.0,68.79,102,1.5,17
162,male,20,white,senior,1,5.55,12.06,4,1,1,1,2,2,0,2,13,good,good,restaurant,2.93,60.9,141,0.0,26
163,male,21,white,senior,1,7.02,4.0,2,1,0,4,4,2,8,12,16,good,poor,home_made,3.2,81.29,87,9.0,25
164,female,19,hispanic,sophomore,1,7.74,14.04,0,0,0,2,0,8,13,3,11,good,average,fast_food,3.84,90.15,76,0.0,17
165,female,18,white,sophomore,1,8.35,11.99,6,0,0,5,0,8,12,3,8,average,good,restaurant,4.0,84.62,100,3.0,22
166,male,18,hispanic,senior,1,7.76,11.5,0,3,1,5,2,3,6,13,14,poor,average,restaurant,3.0,73.23,107,18.0,26
167,female,20,other,junior,1,6.88,7.38,6,0,0,3,1,10,3,11,6,average,good,fast_food,3.11,82.22,53,0.0,23
168,male,20,hispanic,freshman,1,9.23,18.96,3,1,0,4,3,7,6,12,9,poor,good,fast_food,3.04,85.86,235,0.0,25
169,female,19,white,sophomore,1,6.93,18.19,4,1,0,3,1,2,5,5,6,poor,average,restaurant,3.83,94.45,98,0.0,20
170,female,21,white,junior,1,5.12,17.65,4,0,1,1,2,8,4,1,4,average,average,home_made,3.0,82.54,131,0.0,22
171,female,19,white,junior,1,6.37,13.67,3,0,0,3,2,10,8,9,18,average,good,restaurant,2.96,80.87,125,8.0,20
172,female,18,other,freshman,1,8.16,9.68,4,1,0,5,1,9,13,5,5,average,average,fast_food,4.0,85.24,58,0.0,16
173,female,21,white,junior,1,7.25,8.77,2,5,0,4,0,8,6,8,20,average,average,restaurant,3.22,84.04,101,2.5,20
174,male,19,white,sophomore,1,6.83,15.99,4,5,0,0,4,4,8,12,2,average,good,home_made,2.16,92.73,98,0.0,23
175,female,20,white,freshman,1,6.25,19.36,0,2,0,5,6,11,8,13,12,good,average,restaurant,2.12,93.84,170,0.0,24
176,female,18,white,freshman,1,7.25,10.74,5,5,0,2,2,9,5,1,11,average,average,home_made,2.82,81.74,101,0.0,24
177,female,18,black,freshman,1,6.74,4.25,0,2,1,7,7,0,9,3,2,average,poor,restaurant,3.34,75.73,94,12.0,24
178,female,19,white,junior,1,5.68,14.73,1,3,0,2,3,5,11,1,18,good,good,fast_food,2.79,75.84,103,0.0,28
179,female,23,hispanic,senior,1,6.25,13.82,4,0,1,0,1,2,12,8,11,average,average,restaurant,3.49,89.8,129,0.0,23
180,female,20,white,sophomore,1,7.02,12.63,6,2,0,2,1,11,9,4,1,average,average,restaurant,2.95,100.0,90,0.0,30
181,female,19,white,freshman,1,8.21,3.2,4,0,1,3,3,1,8,8,0,average,average,restaurant,3.49,82.65,43,0.0,22
182,female,19,white,freshman,1,8.02,11.44,0,2,0,3,2,11,6,12,9,poor,good,home_made,3.33,84.85,129,6.5,19
183,female,20,other,junior,1,7.85,18.76,3,3,0,7,0,8,9,1,3,average,good,restaurant,4.0,84.21,99,0.0,16
184,female,20,other,sophomore,1,7.47,9.43,2,2,1,7,1,6,7,11,17,poor,average,home_made,3.77,89.94,129,0.0,23
185,female,21,white,freshman,0,6.76,10.09,3,2,0,1,2,9,1,8,9,average,poor,fast_food,3.32,95.38,133,16.5,24
186,female,22,white,freshman,1,8.02,10.39,6,1,1,4,2,11,9,11,8,good,average,restaurant,3.43,86.03,96,15.0,26
187,female,19,white,freshman,1,6.25,12.44,4,0,1,4,5,6,8,10,11,poor,average,fast_food,2.66,84.55,131,3.5,26
188,female,23,white,junior,1,5.83,6.14,2,3,1,3,2,7,3,1,2,average,good,fast_food,3.61,75.4,112,6.0,24
189,female,18,white,junior,1,6.66,7.56,0,4,1,2,5,9,11,8,16,good,average,fast_food,2.39,68.76,137,12.5,23
190,female,20,white,junior,1,8.25,11.4,0,5,0,2,6,7,5,4,8,good,good,restaurant,2.99,90.98,156,11.0,19
191,female,19,hispanic,freshman,1,6.0,18.67,3,1,0,7,2,13,13,3,3,average,average,home_made,3.63,74.74,131,11.0,23
192,female,20,white,sophomore,1,6.33,19.4,4,2,0,6,1,12,6,11,17,good,poor,fast_food,4.0,87.05,117,0.0,24
193,male,18,white,sophomore,1,8.46,10.51,3,0,0,2,5,4,13,0,20,average,average,restaurant,4.0,88.74,97,0.0,20
194,female,18,white,junior,1,7.43,3.88,1,0,0,0,0,11,13,5,12,poor,good,fast_food,3.82,66.74,135,0.0,16
195,male,20,hispanic,sophomore,1,7.76,3.98,4,4,0,5,0,5,3,9,20,average,average,fast_food,3.87,63.1,66,6.5,20
196,male,18,white,freshman,1,6.75,10.09,1,5,1,3,0,5,12,10,13,average,average,home_made,3.96,81.22,132,7.0,25
197,female,24,black,sophomore,1,9.05,1.66,2,1,1,0,2,12,0,13,10,poor,average,fast_food,3.36,85.47,127,7.5,19
198,female,21,hispanic,freshman,1,7.44,14.75,5,0,1,6,8,3,11,1,11,good,good,fast_food,3.88,88.57,103,0.0,23
199,female,21,white,senior,1,8.18,16.45,1,4,0,7,0,2,9,6,12,average,poor,fast_food,3.88,89.56,135,16.5,23
200,male,20,white,junior,1,6.9,14.93,2,3,0,5,1,0,13,6,0,good,good,restaurant,3.01,100.0,130,12.5,19
201,female,20,black,freshman,1,6.15,9.72,4,4,0,7,3,3,1,7,4,good,good,home_made,4.0,81.97,116,0.0,23
202,female,19,white,senior,1,6.7,9.99,0,2,1,6,0,0,12,9,8,good,good,fast_food,4.0,86.21,87,0.0,23
203,female,20,white,freshman,1,6.82,20.13,3,1,0,1,2,8,1,12,15,average,poor,home_made,3.73,99.71,144,0.0,26
204,female,19,white,sophomore,1,7.37,18.07,3,2,0,3,1,0,1,10,11,average,average,home_made,3.34,100.0,209,0.0,25
205,male,18,white,junior,1,5.37,12.71,0,1,0,7,0,2,2,4,15,average,average,fast_food,3.79,76.04,152,12.5,19
206,female,19,white,sophomore,1,5.63,13.24,3,3,0,5,2,11,13,11,7,average,average,fast_food,3.64,74.1,140,0.0,19
207,female,22,white,freshman,1,8.46,10.38,0,3,0,3,2,9,13,13,12,poor,good,restaurant,3.5,90.8,107,7.5,23
208,female,20,white,sophomore,1,6.56,10.13,5,4,0,4,3,3,10,4,10,poor,average,restaurant,2.26,78.05,83,0.0,23
209,female,22,white,freshman,1,6.26,1.6,3,1,1,1,0,0,8,4,9,average,average,restaurant,3.03,79.44,122,13.0,26
210,female,21,white,freshman,1,5.18,5.16,1,0,0,2,1,6,0,13,12,good,average,fast_food,2.35,76.9,120,0.0,35
211,female,23,white,freshman,1,8.53,15.29,0,4,0,6,0,13,11,9,12,average,poor,fast_food,3.75,96.62,105,0.0,21
212,female,20,other,freshman,1,7.54,1.79,6,0,0,1,2,6,3,9,3,average,average,fast_food,3.18,74.65,180,0.0,24
213,female,20,other,freshman,1,6.84,18.36,3,1,0,0,2,5,5,6,10,average,poor,fast_food,2.55,82.15,126,0.0,25
214,male,19,white,junior,1,7.17,27.35,6,4,0,2,1,12,4,10,15,average,good,fast_food,2.84,83.57,149,12.5,27
215,female,21,white,freshman,1,9.59,15.56,0,2,0,0,0,3,6,12,17,poor,good,fast_food,3.73,92.72,124,10.0,20
216,female,19,hispanic,freshman,1,7.29,13.39,3,0,1,4,2,0,13,2,20,average,good,restaurant,3.7,72.18,117,0.0,24
217,female,21,other,senior,1,5.45,17.77,4,2,0,6,3,8,4,1,8,good,average,home_made,3.33,100.0,129,10.0,22
218,female,18,white,junior,1,6.63,4.41,2,3,0,1,10,8,6,5,13,good,average,home_made,1.93,70.04,130,14.0,25
219,female,19,white,freshman,1,7.73,20.24,0,0,0,6,4,1,4,8,18,average,good,restaurant,4.0,92.37,137,1.5,19
220,female,22,white,sophomore,1,7.48,8.42,3,2,0,2,3,6,8,4,15,average,average,restaurant,3.33,84.33,124,8.0,22
221,female,20,other,sophomore,1,4.73,12.26,2,3,0,7,0,2,11,6,12,average,good,restaurant,3.4,82.17,120,0.5,30
222,male,22,black,sophomore,1,7.4,9.11,5,3,1,1,0,5,3,0,4,average,average,restaurant,3.07,91.81,172,13.5,18
223,female,19,black,junior,1,6.74,7.66,2,1,1,4,2,5,11,9,19,average,good,home_made,3.29,78.89,148,13.0,27
224,female,19,white,sophomore,1,6.38,2.31,3,0,1,3,3,6,7,10,9,average,good,restaurant,2.77,85.47,67,0.0,17
225,female,18,white,junior,1,6.76,9.33,3,0,0,2,1,0,10,5,0,good,poor,restaurant,2.59,83.02,80,6.5,20
226,female,20,white,junior,1,6.89,12.57,5,2,1,4,1,11,6,10,8,good,poor,fast_food,4.0,86.29,94,0.0,26
227,male,21,white,sophomore,1,6.12,7.34,4,6,0,1,5,10,9,10,18,good,average,restaurant,2.46,86.08,150,15.5,25
228,female,19,other,sophomore,1,6.18,8.09,4,2,0,7,5,1,2,10,3,poor,poor,fast_food,3.64,75.71,100,0.0,18
229,female,20,white,freshman,1,7.86,13.72,1,5,0,2,0,9,1,8,18,average,average,fast_food,3.51,81.31,150,3.0,19
230,female,18,white,freshman,1,6.87,3.68,7,0,0,1,1,12,13,7,16,average,average,fast_food,2.82,73.03,155,0.0,23
231,female,18,white,freshman,1,7.47,10.11,0,1,1,3,0,7,5,10,15,average,poor,restaurant,3.83,99.07,100,8.0,20
232,male,20,hispanic,junior,1,6.82,19.85,3,0,0,2,0,7,5,11,15,average,average,home_made,4.0,100.0,121,5.0,22
233,female,21,other,freshman,1,4.3,7.1,0,4,0,2,2,2,8,8,9,average,average,fast_food,3.49,73.86,212,0.0,25
234,female,19,white,junior,1,8.08,22.76,5,1,1,6,8,4,11,9,11,good,average,restaurant,3.82,100.0,153,8.5,23
235,female,21,white,freshman,1,6.71,3.53,1,4,1,1,0,12,9,4,13,poor,poor,fast_food,2.73,71.65,93,0.0,30
236,female,21,black,junior,1,6.63,0.0,0,0,0,1,1,5,3,3,12,average,good,fast_food,3.36,92.27,94,0.0,22
237,female,19,white,junior,1,7.51,14.83,2,7,0,6,2,9,10,10,20,poor,average,restaurant,3.54,78.57,141,8.5,16
238,female,18,white,senior,1,6.1,13.68,4,1,0,4,3,13,6,8,10,average,average,fast_food,3.08,77.8,98,0.0,22
239,female,18,white,junior,1,6.9,22.96,4,3,1,1,3,3,6,10,17,average,average,restaurant,3.25,88.06,143,1.0,22
240,female,20,white,senior,1,6.73,1.02,0,1,1,1,2,7,2,1,10,average,good,home_made,2.75,85.0,119,15.0,27
241,female,19,white,junior,1,7.52,10.46,0,4,0,1,0,11,8,11,6,poor,good,fast_food,3.22,78.31,126,0.0,18
242,male,20,white,freshman,1,5.44,10.63,3,3,0,1,0,1,0,12,6,average,good,home_made,3.96,98.04,121,9.5,23
243,male,19,other,sophomore,1,6.19,21.89,5,1,1,7,0,1,8,3,14,poor,average,restaurant,4.0,100.0,170,13.5,27
244,female,19,white,junior,0,8.2,17.88,4,0,0,1,2,0,5,7,8,average,average,fast_food,2.89,98.65,160,12.0,26
245,male,20,other,sophomore,1,10.66,8.6,0,6,0,4,1,9,7,6,8,average,good,home_made,3.34,73.09,132,0.0,13
246,female,19,white,senior,0,5.25,22.37,0,0,0,4,2,0,1,3,1,poor,average,fast_food,3.51,85.28,123,0.0,22
247,female,21,white,sophomore,1,4.3,7.86,2,7,0,2,3,7,4,2,16,good,average,fast_food,3.61,84.1,156,0.0,23
248,female,18,white,freshman,1,9.2,14.94,1,4,0,1,0,8,0,10,20,good,poor,restaurant,3.55,100.0,120,0.0,17
249,female,19,white,junior,1,6.56,11.58,5,6,0,7,0,5,11,6,11,average,good,restaurant,3.91,83.41,112,13.0,29
250,female,19,white,junior,1,6.63,8.82,4,3,0,2,1,13,0,8,19,poor,poor,home_made,3.18,92.75,132,12.5,25
251,female,20,white,freshman,1,7.46,10.31,0,0,0,2,2,8,4,8,5,poor,good,restaurant,3.39,82.6,77,3.0,16
252,female,18,white,freshman,1,8.01,10.82,2,1,1,7,1,2,5,2,3,poor,average,fast_food,3.28,90.48,77,0.0,23
253,female,21,hispanic,freshman,1,5.97,6.37,2,1,0,3,1,8,1,10,3,poor,good,restaurant,4.0,73.84,189,4.0,30
254,female,18,asian,freshman,1,5.34,9.21,2,1,0,5,3,8,2,10,0,average,average,home_made,2.8,81.73,125,0.0,26
255,female,19,other,junior,1,5.37,20.6,5,1,0,0,0,13,8,3,8,average,good,fast_food,3.56,82.68,114,0.0,18
256,male,20,white,junior,1,6.11,8.01,3,1,0,0,0,7,6,9,17,poor,good,home_made,3.25,97.47,90,0.0,19
257,female,18,white,freshman,1,5.94,12.85,5,8,0,4,0,12,2,5,9,average,average,restaurant,3.48,81.74,126,4.0,27
258,female,20,hispanic,junior,1,6.49,17.95,2,5,0,5,1,8,0,1,12,average,good,fast_food,3.24,74.09,115,4.0,20
259,female,21,other,senior,1,6.71,9.99,5,2,0,2,0,11,11,5,17,poor,poor,home_made,3.9,70.75,170,7.0,24
260,female,20,white,freshman,1,7.44,17.04,0,0,0,2,2,3,7,5,11,good,good,home_made,3.12,100.0,97,4.5,24
261,female,20,white,senior,1,7.13,17.46,0,1,1,0,5,2,8,5,18,good,poor,fast_food,3.4,85.84,170,11.0,24
262,female,19,white,freshman,1,5.7,10.55,1,2,0,5,1,2,7,6,7,average,average,fast_food,3.6,73.98,80,5.0,22
263,female,20,hispanic,senior,1,7.43,18.53,2,5,1,0,5,6,13,7,5,average,good,restaurant,3.09,90.66,170,14.0,17
264,female,21,hispanic,junior,1,5.63,18.16,2,1,0,3,0,8,4,7,13,poor,good,fast_food,4.0,90.98,123,1.5,19
265,male,19,hispanic,senior,1,7.9,15.74,4,1,0,5,6,7,8,5,5,average,average,restaurant,2.91,92.96,111,0.0,19
266,female,19,hispanic,sophomore,1,8.49,17.77,3,5,0,4,3,0,8,13,9,average,poor,restaurant,3.39,96.5,154,0.0,17
267,female,21,white,freshman,1,9.69,10.85,4,2,0,6,2,0,2,12,6,average,good,restaurant,3.44,100.0,83,0.0,23
268,female,20,white,sophomore,1,8.07,18.3,2,5,0,1,0,0,0,5,3,average,average,home_made,2.72,91.28,163,0.0,16
269,female,21,hispanic,senior,1,8.63,23.67,2,2,0,6,3,4,4,5,19,good,poor,restaurant,3.12,100.0,101,0.0,18
270,female,18,hispanic,sophomore,1,7.97,10.09,1,2,0,7,1,1,6,10,4,poor,average,restaurant,4.0,80.12,86,0.0,19
271,male,21,white,freshman,1,8.0,16.17,4,3,1,3,0,5,0,9,9,average,poor,restaurant,3.27,97.43,131,8.0,27
272,female,19,white,freshman,1,7.87,13.5,4,5,0,7,3,0,2,11,15,poor,average,fast_food,3.28,76.06,121,0.0,15
273,female,18,white,junior,1,6.23,3.18,4,2,0,5,0,7,4,12,18,poor,poor,fast_food,3.8,63.41,133,13.5,26
274,male,21,black,junior,1,6.27,21.13,0,5,1,3,3,1,2,8,17,average,average,home_made,2.95,93.19,166,0.0,24
275,female,20,hispanic,sophomore,1,5.37,6.54,3,1,1,3,0,2,2,11,7,good,average,home_made,2.99,78.0,141,13.5,22
276,female,18,other,sophomore,1,6.31,25.43,4,2,1,1,4,9,9,12,4,good,good,home_made,1.88,97.97,153,15.0,31
277,female,19,white,freshman,1,7.71,1.34,4,0,0,3,7,4,6,1,7,poor,poor,fast_food,2.42,72.13,60,0.0,21
278,female,20,white,sophomore,1,9.73,12.78,2,5,0,5,3,8,4,10,11,average,average,home_made,3.64,93.07,144,1.5,17
279,female,18,white,freshman,0,7.84,20.22,5,0,1,4,3,8,9,13,5,average,average,fast_food,2.89,81.89,164,0.0,23
280,female,20,other,sophomore,1,7.58,15.1,4,2,0,5,2,5,1,13,14,average,average,home_made,3.46,100.0,110,0.0,19
281,female,19,white,freshman,1,7.21,12.29,3,3,0,7,0,9,9,3,18,poor,average,restaurant,4.0,89.63,133,0.0,20
282,female,20,hispanic,sophomore,1,8.43,16.94,1,3,0,2,1,0,2,9,1,poor,poor,home_made,3.82,100.0,150,0.0,22
283,female,18,other,sophomore,1,7.0,16.06,0,3,0,4,2,11,4,9,5,poor,poor,home_made,3.42,87.04,117,0.0,26
284,male,22,hispanic,sophomore,1,6.59,4.14,5,4,0,0,1,3,5,4,19,average,poor,restaurant,3.97,80.95,164,6.5,18
285,female,19,white,freshman,1,6.74,0.0,3,6,0,0,2,7,0,9,3,average,average,fast_food,3.05,80.12,129,0.0,29
286,female,19,white,junior,1,5.94,14.48,4,0,0,5,3,5,9,1,16,poor,good,fast_food,3.32,84.75,248,6.5,18
287,female,19,other,junior,1,6.88,11.02,4,3,0,3,2,12,8,1,15,average,average,home_made,3.21,97.06,124,15.5,24
288,female,20,white,freshman,1,7.54,11.18,3,3,0,2,5,1,0,13,20,average,average,fast_food,2.62,95.68,102,0.0,23
289,female,19,other,sophomore,1,7.43,16.05,3,1,0,4,1,2,1,4,1,average,average,fast_food,3.55,100.0,107,0.0,21
290,male,22,white,junior,1,7.16,21.42,2,2,0,4,1,13,7,1,17,poor,poor,fast_food,2.7,81.15,215,8.5,21
291,female,19,white,sophomore,1,6.51,16.97,5,0,1,4,5,11,12,2,13,average,average,fast_food,2.44,87.01,174,0.0,23
292,female,22,white,senior,1,6.95,4.89,6,0,1,7,2,7,13,13,4,good,poor,fast_food,3.43,72.02,134,20.5,23
293,female,19,white,sophomore,1,7.48,13.02,4,3,0,6,2,4,9,1,1,good,good,fast_food,3.34,97.77,133,1.0,19
294,female,20,white,sophomore,1,6.52,14.48,2,2,0,7,2,4,3,3,0,average,good,restaurant,3.49,84.75,138,10.0,26
295,female,18,white,junior,1,6.0,11.85,0,2,0,6,4,11,8,4,13,average,poor,home_made,3.07,95.55,115,0.0,23
296,female,18,white,junior,1,7.3,5.43,5,0,0,1,2,5,9,11,7,average,average,fast_food,3.11,87.07,175,0.0,19
297,female,20,asian,sophomore,1,8.18,17.23,2,5,0,5,2,1,7,3,9,good,poor,fast_food,4.0,97.01,147,8.0,25
298,female,18,white,sophomore,1,7.26,8.51,1,3,0,7,0,6,6,13,1,average,average,home_made,3.59,91.52,126,5.0,22
299,male,22,hispanic,sophomore,1,8.47,9.45,3,0,0,1,2,8,13,12,11,average,poor,fast_food,3.24,82.38,51,0.0,21
300,male,20,white,senior,1,6.92,14.44,5,0,0,0,1,8,8,9,11,average,poor,home_made,2.67,98.44,69,0.0,22
301,female,19,white,freshman,1,8.24,17.17,4,0,0,5,0,13,11,10,12,poor,average,fast_food,3.53,92.25,103,3.0,17
302,female,19,white,junior,1,8.91,9.33,4,2,1,7,0,2,0,11,17,average,average,fast_food,4.0,76.89,102,12.5,20
303,male,22,white,sophomore,1,6.62,14.13,6,1,0,4,3,10,6,6,19,average,average,home_made,2.45,100.0,114,0.0,23
304,female,21,hispanic,freshman,1,6.56,12.82,3,0,0,0,0,13,8,7,17,average,average,home_made,3.01,100.0,116,7.5,25
305,male,18,white,freshman,1,7.18,17.04,3,1,0,6,3,12,9,13,12,average,average,fast_food,3.19,90.74,206,0.0,20
306,male,19,white,freshman,1,5.38,5.85,4,5,0,0,3,0,9,8,20,average,good,fast_food,3.27,76.61,143,0.0,23
307,female,21,other,senior,1,5.26,4.14,2,0,0,2,6,4,7,13,13,average,good,home_made,3.27,88.8,184,10.5,29
308,female,18,other,senior,1,8.26,7.36,4,2,0,0,2,8,13,12,19,good,poor,home_made,3.37,70.49,69,0.0,18
309,female,20,white,sophomore,1,6.97,11.48,7,1,0,5,1,9,9,10,2,average,average,home_made,4.0,91.38,117,2.5,23
310,female,18,other,freshman,1,8.4,11.02,3,3,1,6,0,11,3,0,10,good,average,fast_food,3.13,81.41,104,11.0,22
311,female,19,white,junior,1,5.93,4.54,4,0,0,3,1,2,13,12,0,good,average,restaurant,2.91,89.73,147,1.5,21
312,female,20,hispanic,sophomore,0,5.39,18.05,1,1,0,4,5,5,9,4,10,poor,average,fast_food,3.74,91.32,172,10.0,30
313,male,21,other,sophomore,1,8.02,2.16,0,4,0,1,6,4,9,11,15,poor,good,fast_food,1.94,91.73,94,4.0,23
314,female,19,white,junior,1,7.94,3.49,4,6,0,2,1,12,0,11,11,average,average,fast_food,2.91,69.69,100,7.0,24
315,female,21,white,freshman,1,5.93,5.51,0,1,0,2,1,9,0,6,4,average,average,home_made,3.16,81.07,123,7.0,27
316,female,18,white,freshman,1,7.52,16.6,4,0,0,5,1,13,1,6,19,average,average,fast_food,3.98,98.26,148,0.0,20
317,female,19,white,sophomore,1,7.95,5.63,3,2,0,5,0,13,10,4,11,good,poor,restaurant,4.0,97.93,148,9.0,23
318,female,20,white,junior,1,7.84,10.91,5,0,0,5,4,10,0,6,11,good,average,home_made,3.63,83.26,80,0.0,19
319,female,18,other,junior,1,6.91,1.99,0,5,0,3,2,6,8,7,16,poor,poor,home_made,3.36,76.09,206,0.0,23
320,female,21,white,senior,1,6.75,12.3,4,3,1,2,3,0,11,1,10,average,poor,home_made,2.98,75.83,149,0.0,23
321,male,20,white,freshman,1,5.72,4.59,5,0,0,5,1,2,0,2,10,average,average,restaurant,2.8,72.27,63,0.0,20
322,female,18,other,senior,1,7.53,18.79,2,4,0,2,1,13,9,8,17,good,average,home_made,3.41,100.0,133,5.5,25
323,female,20,white,junior,1,7.53,18.11,2,0,0,1,0,5,6,11,12,average,average,fast_food,4.0,100.0,125,5.5,19
324,female,18,other,sophomore,1,6.15,22.71,2,0,1,3,1,7,5,3,6,good,average,fast_food,3.77,91.19,161,8.0,33
325,male,19,white,senior,1,7.34,10.67,4,3,0,1,1,9,5,13,15,average,poor,fast_food,4.0,72.77,114,0.0,17
326,female,18,white,junior,1,6.08,6.12,7,1,0,0,5,12,6,12,2,average,average,home_made,2.56,85.07,107,0.0,19
327,female,19,other,sophomore,1,6.59,3.92,3,2,0,4,2,9,13,11,20,average,average,home_made,3.61,72.19,90,0.0,24
328,female,18,other,junior,1,8.92,23.29,4,7,0,4,1,2,7,7,20,average,good,home_made,3.25,100.0,126,0.0,23
329,male,20,white,freshman,1,6.19,15.9,2,2,0,1,4,13,1,12,10,poor,average,restaurant,4.0,93.81,135,0.0,24
330,female,22,white,junior,1,6.78,5.96,1,3,1,7,0,13,12,3,16,good,good,home_made,3.81,87.32,93,15.5,26
331,female,19,hispanic,senior,1,7.52,9.66,3,0,0,3,0,5,13,0,5,average,average,fast_food,3.77,94.22,125,0.0,20
332,female,18,white,sophomore,0,6.13,14.09,2,2,1,4,4,12,0,3,7,poor,poor,fast_food,3.63,96.75,126,14.5,24
333,female,19,white,freshman,1,7.91,9.44,2,6,1,1,3,6,0,0,13,good,good,home_made,3.45,74.96,92,0.0,23
334,female,20,white,junior,1,5.37,20.35,1,1,1,5,0,2,8,6,11,average,average,home_made,4.0,90.25,117,0.0,21
335,female,20,other,junior,1,6.6,20.28,4,2,0,5,2,0,2,1,7,average,good,restaurant,3.49,91.46,105,2.0,25
336,female,20,white,senior,1,7.73,2.01,4,1,0,3,2,13,0,1,19,average,good,home_made,3.06,77.39,72,7.5,20
337,female,22,white,senior,1,8.3,21.03,2,0,0,6,0,7,0,10,9,average,average,fast_food,3.86,80.59,99,5.5,18
338,female,19,white,sophomore,1,8.66,16.53,7,2,0,4,0,8,5,5,11,good,average,fast_food,3.47,90.36,119,3.0,19
339,female,19,white,senior,1,7.48,6.54,1,6,0,3,3,7,13,6,14,poor,good,fast_food,3.89,88.44,109,7.5,24
340,female,20,white,junior,1,7.43,10.2,0,1,1,3,0,12,0,0,7,average,average,home_made,3.15,87.8,106,0.0,20
341,male,20,other,junior,1,8.34,3.2,2,4,0,7,1,8,7,1,17,average,average,restaurant,3.18,81.6,37,4.5,15
342,female,19,white,freshman,1,7.47,11.61,2,3,0,4,7,9,8,0,11,poor,average,restaurant,3.32,88.51,87,0.0,22
343,female,19,white,freshman,1,8.65,6.62,1,6,0,2,3,7,13,11,6,average,good,restaurant,3.14,88.98,77,5.0,21
344,female,19,other,sophomore,1,6.4,8.45,6,0,0,0,0,12,11,10,1,poor,average,restaurant,3.19,79.7,142,0.0,20
345,female,21,white,freshman,1,5.8,9.31,4,0,0,4,0,4,10,3,20,poor,good,home_made,4.0,84.17,85,0.0,19
346,female,18,white,junior,1,6.41,7.57,4,6,1,2,7,5,13,0,8,good,average,fast_food,2.16,75.7,128,0.0,26
347,female,20,white,freshman,1,7.83,15.81,0,4,0,7,2,11,12,4,18,average,good,restaurant,3.22,85.21,106,2.0,16
348,female,21,white,sophomore,1,5.99,1.22,6,2,0,1,2,12,1,4,18,average,poor,fast_food,2.33,70.7,182,15.5,19
349,male,20,white,freshman,1,6.72,16.44,0,2,0,6,0,3,10,9,6,average,good,restaurant,3.91,91.93,111,0.5,17
350,female,18,white,junior,1,7.16,12.66,4,3,1,6,3,13,4,0,3,average,good,fast_food,3.89,84.04,138,21.0,26
351,female,19,white,junior,1,6.13,8.67,1,2,1,0,4,9,13,11,18,average,average,restaurant,2.46,93.84,123,11.5,27
352,female,21,white,sophomore,1,5.58,4.03,4,5,0,2,5,2,10,12,18,good,average,restaurant,2.85,81.86,106,1.5,28
353,female,20,white,freshman,1,5.54,0.0,3,2,0,0,3,12,8,4,15,poor,average,home_made,2.4,78.0,88,0.0,25
354,female,18,white,freshman,1,7.18,19.86,5,0,0,0,2,9,8,0,7,average,good,fast_food,3.03,88.17,106,0.0,21
355,female,23,white,junior,1,6.34,2.58,2,3,0,4,1,7,1,8,8,poor,poor,restaurant,2.48,88.08,119,6.5,22
356,female,21,white,sophomore,1,7.14,15.22,2,4,1,3,2,4,7,4,18,good,good,fast_food,3.3,91.95,154,12.5,23
357,female,20,white,freshman,1,6.34,5.82,2,0,1,7,0,8,8,10,7,average,average,home_made,3.63,87.95,69,0.0,21
358,female,23,hispanic,sophomore,1,7.25,13.45,1,0,0,0,6,10,11,10,13,good,average,restaurant,2.56,73.57,133,0.0,21
359,male,19,white,freshman,1,6.91,2.91,5,0,0,0,4,8,8,11,20,average,good,restaurant,2.81,78.02,91,9.5,22
360,female,18,white,freshman,1,7.71,14.57,3,2,1,4,0,2,5,8,7,good,average,home_made,3.66,84.71,148,12.5,22
361,female,19,hispanic,freshman,1,8.72,4.3,4,1,1,6,1,10,12,6,9,average,good,fast_food,2.97,87.12,56,0.0,21
362,male,20,white,sophomore,1,5.99,16.32,5,7,0,5,2,8,5,5,2,good,average,fast_food,3.31,79.94,130,0.0,27
363,female,18,other,junior,1,5.68,14.08,0,2,1,7,1,6,3,1,8,poor,average,home_made,3.69,83.52,137,17.5,27
364,female,21,other,senior,1,7.88,0.0,4,0,1,1,0,4,11,9,12,average,average,restaurant,2.22,72.83,120,6.5,23
365,male,21,white,junior,1,7.38,5.27,2,0,0,2,0,12,4,12,11,good,average,home_made,3.58,100.0,54,7.0,22
366,female,18,hispanic,sophomore,0,9.26,27.82,2,2,0,4,3,13,11,2,20,average,poor,restaurant,3.55,100.0,135,3.0,20
367,female,19,black,freshman,1,5.5,16.56,3,3,0,7,0,1,5,9,9,poor,good,home_made,4.0,86.6,121,3.5,23
368,male,18,white,junior,1,5.51,20.72,1,4,0,1,0,6,1,6,9,average,average,fast_food,3.64,81.95,130,2.5,23
369,male,18,white,freshman,1,8.21,8.63,0,4,0,2,2,5,12,3,7,average,good,fast_food,3.55,94.24,78,0.0,19
370,female,20,other,freshman,1,6.98,4.01,3,2,0,7,1,13,5,6,15,average,average,restaurant,3.3,76.6,107,0.0,17
371,male,20,white,sophomore,1,7.23,3.73,3,1,0,2,3,3,6,10,5,good,average,home_made,3.67,82.06,62,0.0,19
372,female,19,white,junior,1,6.23,9.5,5,4,0,7,0,9,3,12,10,poor,average,home_made,3.02,80.96,125,9.5,24
373,female,20,white,junior,1,6.41,7.48,2,1,0,2,0,8,2,6,7,good,average,restaurant,4.0,100.0,95,7.0,27
374,female,19,white,sophomore,1,7.41,12.76,1,5,0,5,4,2,7,10,17,poor,average,home_made,3.17,92.32,73,0.0,24
375,female,19,black,freshman,1,7.42,4.4,3,4,0,4,2,13,5,1,7,good,average,restaurant,2.21,84.33,105,0.0,27
376,female,19,hispanic,junior,1,7.14,14.53,1,0,0,3,0,0,13,3,20,poor,average,restaurant,3.79,90.42,210,8.5,20
377,female,19,white,freshman,1,8.24,2.51,5,0,1,4,3,9,9,9,9,average,average,fast_food,3.44,67.46,78,0.0,23
378,male,20,white,sophomore,0,6.41,5.9,3,3,0,3,2,6,4,2,16,average,good,home_made,3.43,84.23,132,21.5,25
379,female,20,hispanic,junior,1,7.24,14.32,4,4,0,2,7,13,11,5,15,average,poor,restaurant,2.71,91.38,143,8.5,32
380,female,19,white,sophomore,1,7.56,19.39,2,2,1,5,0,1,0,3,11,average,good,home_made,3.87,95.5,175,0.0,19
381,female,19,hispanic,sophomore,1,6.55,19.28,3,1,0,4,0,12,11,9,1,poor,average,home_made,3.79,98.45,104,0.0,18
382,female,19,black,sophomore,1,5.33,13.12,3,3,0,7,3,4,2,12,8,average,average,fast_food,3.53,81.83,140,4.5,21
383,female,19,white,senior,1,8.16,15.32,3,1,0,1,0,0,4,3,10,poor,good,restaurant,3.35,79.5,132,0.0,13
384,female,21,white,freshman,1,9.29,2.97,4,0,0,2,0,1,8,2,3,average,average,home_made,3.9,71.9,108,8.0,17
385,female,19,other,freshman,1,9.98,17.01,3,3,0,3,4,2,2,11,15,average,average,home_made,3.46,97.52,122,0.0,17
386,male,19,hispanic,sophomore,1,7.44,15.05,3,3,0,5,3,3,3,0,1,average,good,home_made,3.19,87.79,96,8.5,22
387,female,18,white,junior,1,6.36,10.04,3,1,0,2,3,8,8,4,13,average,average,home_made,2.96,84.18,110,0.0,23
388,female,21,hispanic,senior,1,7.85,17.49,1,5,0,5,1,7,13,2,3,poor,good,restaurant,3.86,87.98,135,0.0,27
389,female,21,hispanic,sophomore,1,8.69,13.56,5,0,1,3,4,3,6,5,20,poor,poor,home_made,3.17,90.6,149,11.0,27
390,female,20,hispanic,sophomore,1,6.93,11.97,2,2,0,3,0,11,10,11,17,good,good,home_made,3.36,100.0,161,0.0,19
391,female,22,white,sophomore,1,7.41,10.61,3,2,0,3,0,11,5,9,13,average,poor,fast_food,3.95,74.54,127,0.0,17
392,female,18,other,sophomore,1,6.19,11.11,4,0,0,0,0,8,10,5,7,average,good,fast_food,2.98,82.02,93,0.0,23
393,male,19,white,freshman,1,8.2,13.32,5,1,1,5,0,2,10,12,4,good,average,restaurant,3.29,97.87,117,9.0,17
394,female,21,hispanic,freshman,1,6.98,0.0,3,3,0,3,2,5,12,9,12,average,average,fast_food,3.33,94.96,90,0.0,26
395,female,18,white,sophomore,1,5.83,15.6,5,2,0,6,1,6,2,8,6,good,average,fast_food,3.69,85.75,115,0.0,25
396,male,19,other,freshman,1,7.86,19.33,2,2,0,4,1,11,2,7,4,average,average,home_made,3.55,100.0,106,0.0,18
397,female,20,other,sophomore,1,7.27,4.29,3,2,0,3,0,8,13,8,14,poor,good,fast_food,3.83,73.06,86,0.0,14
398,male,19,other,sophomore,1,8.19,4.92,3,0,0,7,2,1,7,1,5,good,poor,restaurant,3.45,78.43,59,0.0,22
399,female,20,white,freshman,1,6.75,11.35,5,3,0,4,0,8,13,3,9,poor,good,restaurant,2.91,89.18,175,0.0,21
400,male,21,white,freshman,1,7.52,20.2,5,3,0,3,2,12,0,13,3,good,average,fast_food,3.42,85.73,115,0.0,24
401,male,21,white,freshman,1,7.05,11.16,5,0,1,0,0,7,13,8,5,average,average,restaurant,3.04,93.63,132,7.5,18
402,female,18,hispanic,sophomore,1,6.31,8.58,3,0,1,7,1,13,0,0,20,average,average,home_made,4.0,83.77,153,0.0,20
403,male,18,white,freshman,1,5.98,6.46,0,4,0,6,1,3,2,2,16,poor,good,restaurant,3.79,72.11,108,4.0,21
404,male,20,other,sophomore,1,7.14,26.71,0,0,0,7,3,0,5,13,5,average,average,fast_food,3.86,99.83,120,0.0,20
405,male,18,white,freshman,1,6.48,19.94,1,6,0,3,0,1,6,12,17,average,good,fast_food,3.22,95.64,127,9.5,22
406,female,22,white,sophomore,1,6.4,9.25,3,4,0,3,3,5,11,0,11,poor,average,fast_food,3.39,77.77,77,0.0,24
407,female,19,hispanic,junior,1,7.59,25.31,0,0,0,4,5,6,6,0,17,average,average,home_made,3.34,100.0,166,0.0,18
408,female,20,other,senior,1,5.4,13.67,3,3,0,1,5,6,5,11,0,average,poor,restaurant,2.94,82.56,134,0.0,23
409,male,19,hispanic,sophomore,1,7.63,2.58,6,3,0,0,1,0,12,1,11,poor,average,home_made,3.25,83.39,116,6.0,21
410,female,19,white,junior,1,6.44,5.95,1,0,0,7,4,0,2,4,20,poor,good,home_made,3.59,85.44,85,0.0,22
411,female,19,white,freshman,1,9.74,11.74,1,4,0,2,4,2,0,5,18,average,good,home_made,3.05,98.01,188,0.0,22
412,female,22,black,junior,1,8.22,1.52,3,0,0,6,2,7,10,5,11,poor,good,restaurant,3.07,66.65,97,5.5,15
413,female,20,white,freshman,1,7.95,3.65,2,0,0,7,0,7,9,4,14,average,good,fast_food,4.0,66.87,85,9.0,14
414,male,18,other,junior,0,7.07,10.7,3,6,0,3,1,0,6,1,1,average,good,fast_food,3.56,78.51,54,0.0,24
415,male,19,white,freshman,1,6.09,13.99,5,2,0,1,0,7,10,9,10,average,good,restaurant,2.89,91.36,98,0.0,22
416,female,20,white,freshman,1,6.88,9.92,1,3,0,1,1,4,11,3,6,good,average,home_made,3.2,88.68,132,0.0,19
417,female,20,white,sophomore,1,7.37,20.06,5,1,0,6,0,13,4,13,19,average,average,home_made,3.45,86.05,174,0.0,26
418,female,21,white,freshman,1,8.08,8.79,5,2,0,3,1,2,3,1,4,average,average,fast_food,3.73,86.91,75,0.0,20
419,female,20,hispanic,senior,1,7.22,10.43,3,4,1,1,2,8,0,10,17,good,average,fast_food,2.74,78.78,189,9.5,29
420,female,19,asian,junior,1,6.65,10.9,5,0,0,3,0,6,4,4,12,good,average,fast_food,3.58,92.15,78,0.0,20
421,female,19,white,freshman,1,6.54,5.6,0,5,0,4,0,10,5,9,20,poor,poor,restaurant,3.22,75.33,136,10.0,29
422,female,20,other,sophomore,1,7.06,14.09,3,7,0,5,0,7,9,2,8,average,good,fast_food,4.0,86.4,122,3.5,28
423,female,20,white,senior,1,5.93,10.0,0,1,0,0,1,4,11,11,5,good,average,restaurant,3.35,83.37,129,2.5,22
424,female,19,other,senior,1,6.72,17.93,2,3,0,7,2,0,3,2,11,good,poor,fast_food,4.0,78.45,134,10.0,27
425,female,19,white,senior,1,8.37,3.31,2,5,0,3,0,10,7,6,14,good,poor,restaurant,3.27,83.05,124,11.0,23
426,female,20,white,sophomore,1,6.6,9.09,4,5,0,2,1,2,11,8,15,average,poor,restaurant,3.34,79.89,100,0.0,26
427,female,20,hispanic,freshman,1,7.66,1.88,4,1,0,5,5,12,11,12,0,poor,average,home_made,3.65,71.74,118,6.0,18
428,female,19,white,sophomore,1,6.27,3.9,2,4,0,0,2,0,9,0,10,poor,average,fast_food,2.76,92.43,129,0.0,24
429,female,21,white,freshman,1,9.11,9.28,4,0,0,1,4,13,3,5,15,good,average,restaurant,3.01,96.82,114,5.0,24
430,male,19,white,sophomore,1,6.59,6.57,3,5,1,6,4,12,6,7,2,good,average,restaurant,4.0,81.35,111,0.0,16
431,female,20,other,junior,1,6.78,17.86,4,0,0,4,4,6,0,12,10,poor,good,home_made,3.19,100.0,152,0.0,18
432,female,21,white,junior,1,6.39,19.73,3,2,1,0,0,5,9,3,19,average,poor,fast_food,2.45,91.46,157,0.0,17
433,female,20,hispanic,freshman,1,5.72,7.42,3,7,0,3,2,1,6,7,19,poor,poor,restaurant,2.91,82.88,212,3.0,23
434,female,19,white,junior,1,9.02,10.86,7,4,0,0,3,5,8,5,8,good,average,home_made,2.7,83.81,113,0.0,22
435,male,18,white,freshman,1,5.52,12.28,2,6,1,6,0,8,3,4,10,average,poor,fast_food,3.76,89.15,130,12.0,30
436,female,19,white,junior,1,8.79,12.55,3,0,0,2,1,6,5,5,12,average,average,fast_food,3.3,78.29,135,12.5,22
437,female,19,white,senior,1,6.59,9.88,0,0,0,7,0,1,10,13,16,average,average,fast_food,3.12,74.37,150,17.5,29
438,female,21,white,freshman,1,7.0,21.44,3,1,0,2,0,6,0,11,16,average,average,restaurant,2.47,100.0,178,0.0,17
439,female,19,white,junior,1,8.59,9.35,0,2,0,3,1,13,12,5,15,average,average,home_made,4.0,88.05,103,0.0,13
440,female,19,hispanic,junior,1,7.25,15.53,7,8,0,4,3,3,8,2,13,average,good,restaurant,3.33,91.33,108,0.0,22
441,female,21,other,freshman,1,5.27,8.07,5,1,0,0,0,9,1,13,17,average,average,fast_food,3.54,79.94,117,0.0,24
442,female,19,other,junior,1,7.16,13.82,0,3,0,1,1,5,8,1,19,good,average,fast_food,3.25,84.49,103,7.0,23
443,female,20,hispanic,freshman,1,7.68,17.59,4,5,0,0,0,10,3,0,0,good,average,fast_food,4.0,96.72,138,3.0,15
444,female,19,hispanic,freshman,1,6.06,10.76,4,0,0,5,0,10,4,12,5,average,poor,home_made,3.82,78.3,88,0.0,20
445,male,20,white,senior,1,6.16,19.13,1,1,0,4,1,0,0,3,10,poor,average,restaurant,3.67,96.31,128,7.5,18
446,female,19,other,senior,1,6.24,10.29,4,0,0,6,3,0,7,8,19,poor,average,home_made,3.76,85.7,116,0.0,23
447,female,21,white,senior,1,5.78,13.07,2,0,0,1,0,3,1,4,13,average,average,home_made,3.4,100.0,183,0.0,24
448,female,20,white,junior,1,5.96,12.6,1,1,0,6,1,5,7,4,12,good,average,home_made,3.89,90.38,107,0.0,18
449,female,18,hispanic,sophomore,1,8.15,18.37,2,6,0,1,2,10,3,12,18,poor,average,restaurant,3.58,97.32,140,0.0,20
450,female,19,white,junior,1,6.3,5.74,6,1,0,6,0,4,13,1,16,poor,poor,home_made,3.09,80.5,90,0.0,16
451,female,18,white,sophomore,1,8.96,7.03,3,1,0,2,3,2,11,5,20,average,poor,home_made,3.03,93.53,153,7.0,20
452,male,20,white,junior,1,7.13,6.56,5,0,0,3,1,1,0,4,14,good,average,home_made,2.71,88.12,77,0.0,22
453,male,21,black,senior,1,7.64,7.49,4,2,1,6,6,9,10,3,6,average,average,home_made,2.91,69.43,83,18.5,21
454,female,20,white,sophomore,1,6.09,7.26,2,4,1,4,2,5,12,9,8,average,good,fast_food,2.97,82.49,115,13.0,27
455,female,19,white,junior,1,5.91,4.57,0,3,0,6,1,11,7,9,4,good,poor,restaurant,3.96,74.62,140,2.0,20
456,female,18,other,junior,1,5.8,9.67,2,0,0,1,3,13,13,12,13,poor,good,restaurant,4.0,76.42,128,13.5,22
457,female,20,white,sophomore,1,6.48,16.76,2,8,0,2,0,12,7,4,4,average,average,home_made,3.05,100.0,121,2.5,23
458,female,19,hispanic,junior,1,8.32,13.61,2,0,0,2,1,11,12,5,16,good,average,home_made,3.55,100.0,95,0.0,16
459,female,21,white,junior,1,7.55,22.97,1,2,0,2,2,2,6,5,10,average,poor,fast_food,4.0,98.09,105,0.0,19
460,female,19,white,junior,1,8.42,7.19,1,4,0,2,1,3,12,4,18,poor,average,fast_food,3.35,88.58,97,0.0,16
461,male,20,white,sophomore,1,7.14,3.82,1,0,0,0,0,10,5,11,7,poor,poor,fast_food,3.45,76.31,72,7.0,26
462,female,19,hispanic,sophomore,1,6.15,6.41,3,1,0,7,3,7,10,2,14,average,average,home_made,3.39,93.69,204,4.5,22
463,female,21,white,junior,1,7.54,8.06,5,0,0,7,2,6,12,3,11,poor,average,fast_food,3.1,84.47,55,0.0,16
464,female,18,white,junior,1,7.49,10.68,3,1,0,3,1,10,4,11,14,average,average,home_made,2.98,76.11,103,9.0,22
465,female,19,white,freshman,1,6.83,12.24,3,3,0,2,0,8,2,11,0,poor,average,restaurant,2.49,73.71,99,5.0,22
466,female,20,asian,sophomore,1,7.05,7.58,2,6,0,4,2,10,13,12,19,average,average,restaurant,3.08,79.56,102,0.0,20
467,female,22,hispanic,sophomore,1,8.0,25.65,4,6,0,5,0,8,11,2,6,poor,average,restaurant,3.31,87.57,149,5.5,25
468,female,18,white,sophomore,1,9.54,19.7,4,4,0,3,0,10,7,13,3,average,good,restaurant,3.93,87.64,106,4.0,22
469,female,18,white,junior,1,5.47,10.56,2,2,0,0,0,3,11,12,10,poor,average,home_made,3.48,98.61,108,0.0,21
470,female,20,white,sophomore,1,7.24,6.57,3,3,0,6,0,0,1,7,10,poor,average,home_made,3.68,81.29,104,4.5,18
471,male,22,white,freshman,1,5.0,8.53,5,8,1,4,3,2,13,10,16,average,good,fast_food,2.81,78.51,115,0.0,23
472,female,21,white,freshman,1,7.78,17.09,3,2,0,0,3,0,3,12,10,good,average,home_made,4.0,96.0,103,0.0,14
473,female,21,white,sophomore,1,9.03,13.66,3,1,0,6,4,13,7,10,12,average,average,restaurant,4.0,96.92,164,4.0,15
474,female,18,white,freshman,0,6.49,5.54,4,2,1,0,1,5,9,10,18,average,good,restaurant,3.19,79.75,164,21.0,31
475,female,20,white,sophomore,1,7.41,7.77,4,3,0,0,3,13,8,2,2,average,good,home_made,2.32,65.06,123,11.5,29
476,female,20,hispanic,junior,1,7.24,5.61,3,2,1,5,0,0,6,6,10,average,good,fast_food,3.09,87.02,123,14.0,23
477,female,20,white,junior,1,5.93,14.98,2,4,0,0,1,12,4,9,18,average,average,home_made,3.61,81.1,158,4.5,26
478,male,20,white,sophomore,1,6.5,21.55,3,2,0,6,0,0,3,9,9,average,poor,home_made,3.93,95.01,127,6.5,23
479,female,21,hispanic,freshman,1,6.33,19.63,5,0,0,4,1,5,7,9,14,average,average,fast_food,3.6,82.61,111,1.0,32
480,female,18,white,junior,1,6.55,8.92,3,0,0,4,0,8,6,13,18,good,average,fast_food,3.56,97.6,117,7.0,25
481,female,18,black,sophomore,1,5.43,13.76,0,3,0,1,1,1,3,12,0,good,poor,restaurant,3.64,62.93,122,0.0,22
482,female,18,white,senior,1,7.55,6.2,4,1,0,5,2,12,4,1,15,average,poor,home_made,3.22,96.1,65,6.0,17
483,female,20,hispanic,junior,1,7.05,14.32,2,6,1,7,5,4,2,2,6,good,average,restaurant,3.81,91.26,128,16.0,21
484,female,19,white,freshman,1,7.89,15.51,2,2,0,0,2,3,13,11,0,average,average,fast_food,3.26,85.61,120,0.0,22
485,male,18,white,freshman,1,8.47,0.0,5,2,0,7,1,2,4,5,11,average,average,restaurant,3.2,74.73,70,0.0,14
486,female,22,white,junior,1,7.73,9.65,4,4,0,4,3,3,4,11,18,poor,average,fast_food,4.0,93.62,133,13.0,18
487,female,19,other,freshman,1,5.48,8.3,2,3,0,1,1,10,5,0,4,poor,average,home_made,2.93,100.0,92,0.0,20
488,female,20,hispanic,junior,1,7.56,6.95,0,0,0,0,2,6,13,10,4,poor,good,restaurant,2.34,79.58,87,8.0,18
489,female,21,white,sophomore,1,8.41,6.73,0,0,0,2,6,6,10,9,18,poor,good,home_made,3.04,100.0,137,2.0,26
490,male,23,white,freshman,1,8.97,25.2,2,0,0,7,1,8,0,13,0,good,average,fast_food,4.0,99.35,107,0.0,21
491,female,20,other,sophomore,1,7.76,12.82,2,1,0,3,2,6,12,7,5,average,good,home_made,3.05,86.69,77,0.0,20
492,female,20,white,sophomore,1,7.06,8.87,0,1,0,0,4,10,8,13,8,average,average,restaurant,2.68,100.0,99,0.0,26
493,female,18,hispanic,sophomore,1,5.06,7.3,5,1,0,5,0,9,1,13,12,good,average,restaurant,3.76,85.05,137,0.0,22
494,female,20,white,senior,1,8.22,9.13,2,0,0,4,1,2,5,10,17,average,average,restaurant,3.26,84.31,76,10.5,18
495,female,18,white,freshman,1,7.35,6.7,4,0,1,1,1,13,7,2,9,poor,good,restaurant,3.56,88.5,103,0.0,27
496,female,19,white,sophomore,1,5.16,12.04,0,2,0,3,3,13,13,12,4,average,average,restaurant,2.88,80.82,137,4.0,26
497,female,21,white,freshman,1,5.68,4.24,2,0,0,5,0,6,7,6,11,average,average,fast_food,3.31,88.69,90,6.0,18
498,female,20,white,senior,1,5.89,8.92,3,2,1,4,0,12,2,5,16,average,average,home_made,3.21,85.25,196,26.5,28
499,female,21,white,sophomore,1,7.55,15.89,2,4,0,5,4,10,10,8,12,good,good,fast_food,3.62,84.47,115,0.0,18
500,female,20,other,sophomore,1,5.84,16.76,2,2,0,3,0,10,2,7,8,good,average,restaurant,4.0,100.0,142,12.0,20
501,female,21,white,junior,1,7.13,0.0,7,0,0,0,4,8,6,7,16,good,average,restaurant,2.63,83.11,71,0.0,24
502,female,18,white,senior,1,7.32,15.73,5,8,0,4,3,7,12,6,17,good,average,fast_food,2.9,76.35,108,0.0,28
503,female,21,other,sophomore,0,7.38,7.62,6,0,1,3,0,5,12,5,18,average,poor,fast_food,3.57,71.91,115,19.0,20
504,female,19,other,junior,1,7.13,18.6,2,1,0,5,2,9,7,12,12,poor,average,home_made,3.55,93.37,108,8.0,25
505,female,19,white,senior,1,6.42,5.35,4,2,0,0,3,13,6,1,6,average,average,restaurant,3.38,84.14,109,9.0,21
506,female,19,white,junior,1,7.88,9.85,2,0,1,2,0,7,2,2,3,average,average,restaurant,3.4,95.04,86,0.0,19
507,female,22,other,senior,1,6.01,12.47,4,3,0,0,0,13,8,7,17,average,average,home_made,2.83,80.55,188,8.0,22
508,male,19,white,freshman,1,6.66,16.86,0,6,1,1,3,11,9,7,9,good,average,fast_food,2.46,91.58,139,0.0,21
509,male,20,hispanic,sophomore,1,5.79,17.0,2,1,0,0,0,10,12,3,8,poor,average,restaurant,2.93,84.37,102,0.0,22
510,female,20,hispanic,freshman,1,8.31,7.11,2,2,0,3,0,13,11,10,18,average,good,home_made,4.0,98.94,114,0.0,16
511,female,20,white,junior,1,5.66,7.15,0,2,0,2,0,9,5,0,0,poor,average,home_made,4.0,74.3,103,3.0,23
512,female,18,white,sophomore,1,8.29,18.41,1,0,0,5,5,2,13,12,9,good,good,fast_food,3.6,93.87,130,5.0,21
513,female,18,other,freshman,1,8.11,8.17,4,0,1,3,1,8,6,6,1,average,poor,fast_food,2.68,100.0,100,14.5,22
514,female,18,other,senior,1,7.8,22.37,4,3,0,2,0,1,9,5,9,average,average,restaurant,2.94,83.1,141,5.5,19
515,female,21,other,sophomore,1,7.11,15.72,5,1,0,3,3,4,13,2,0,good,average,fast_food,3.38,76.81,96,4.5,20
516,male,18,white,junior,0,7.22,5.25,2,0,0,5,4,12,0,9,18,average,poor,restaurant,4.0,89.32,101,9.0,23
517,female,18,white,senior,1,6.31,17.27,2,1,0,2,1,11,13,0,20,average,average,restaurant,2.71,91.36,166,6.0,25
518,male,21,white,sophomore,1,4.67,13.72,5,0,1,0,2,10,10,5,14,average,average,fast_food,3.36,87.63,113,3.5,22
519,female,20,white,senior,1,7.8,11.06,0,5,0,0,0,10,8,11,9,average,average,restaurant,3.23,86.83,155,4.0,22
520,female,20,white,senior,1,8.03,9.59,4,0,1,4,3,1,10,5,14,average,good,restaurant,4.0,77.74,112,14.5,26
521,female,19,white,sophomore,1,7.19,16.56,3,3,0,3,2,6,9,8,20,good,average,home_made,3.63,90.22,204,10.5,19
522,male,18,white,sophomore,1,6.71,6.95,6,1,0,4,5,12,8,2,11,average,average,home_made,2.44,84.36,137,19.0,25
523,female,18,white,sophomore,1,4.82,7.35,3,2,0,1,8,7,1,10,15,average,poor,restaurant,2.25,81.07,132,0.0,22
524,female,19,black,freshman,1,8.11,8.18,1,4,0,6,3,12,12,11,1,average,poor,home_made,3.81,93.04,101,10.0,23
525,female,18,white,junior,1,5.97,8.88,3,1,0,6,3,2,4,7,12,poor,poor,restaurant,3.75,83.99,219,8.0,21
526,female,18,hispanic,senior,1,7.13,13.1,1,3,1,4,2,3,4,1,0,average,average,fast_food,2.97,75.11,120,12.0,19
527,female,22,black,junior,1,6.28,13.7,4,0,0,3,2,1,1,10,1,poor,average,home_made,3.88,87.66,85,0.0,16
528,female,18,white,senior,1,6.15,16.44,4,2,1,0,7,10,5,5,6,average,average,fast_food,2.82,82.38,136,0.0,26
529,female,20,white,junior,1,8.36,24.53,1,5,0,6,3,9,2,8,12,average,average,home_made,3.98,97.74,171,5.0,23
530,female,18,white,junior,1,6.54,16.14,1,3,0,2,1,4,7,2,3,average,poor,home_made,3.43,94.15,119,0.0,19
531,female,20,hispanic,junior,1,7.29,9.28,4,2,0,0,2,2,4,12,16,good,average,fast_food,3.38,77.21,117,0.0,23
532,female,18,other,sophomore,1,7.61,13.14,3,0,1,0,1,12,1,5,5,average,good,fast_food,3.59,99.98,104,0.0,17
533,female,21,white,freshman,1,5.49,11.87,4,4,0,0,1,9,0,0,13,good,average,restaurant,3.55,86.66,125,0.0,23
534,female,19,white,senior,1,6.41,4.34,4,10,0,0,2,5,2,3,10,good,good,home_made,2.66,68.64,120,8.5,20
535,female,22,white,junior,1,7.09,13.93,5,4,0,5,2,1,1,11,7,average,good,fast_food,4.0,80.39,132,5.0,20
536,female,21,other,sophomore,1,6.57,4.94,4,3,0,7,3,13,2,3,12,poor,poor,restaurant,2.82,85.43,96,7.5,22
537,female,18,white,junior,1,6.36,13.2,3,5,0,2,0,7,0,0,10,average,average,home_made,3.72,88.74,104,0.0,19
538,female,18,other,freshman,1,5.78,10.21,2,4,0,0,2,11,5,11,9,average,average,fast_food,3.02,67.1,153,0.0,22
539,female,18,white,freshman,1,6.57,2.75,4,4,0,7,2,9,2,5,20,poor,average,fast_food,3.49,58.86,61,0.0,23
540,female,18,other,freshman,1,6.54,16.5,4,3,0,7,0,6,10,7,7,poor,average,fast_food,3.48,90.56,129,8.0,21
541,male,21,other,sophomore,1,7.39,15.12,0,0,0,4,1,12,11,9,18,poor,good,home_made,4.0,87.31,81,0.0,22
542,male,22,other,junior,0,8.35,18.42,2,3,0,1,1,5,8,11,9,average,average,fast_food,3.16,82.7,119,15.5,20
543,female,19,white,freshman,1,8.61,7.17,5,3,0,5,1,11,7,3,3,good,good,restaurant,3.97,82.13,73,7.5,21
544,female,21,white,junior,1,10.58,11.19,5,4,0,6,0,13,6,11,7,good,average,home_made,3.12,84.66,84,0.0,21
545,male,19,white,freshman,0,8.68,15.05,6,2,1,5,0,8,7,2,11,poor,average,home_made,3.61,100.0,124,19.0,16
546,female,19,hispanic,senior,1,6.96,25.35,0,0,0,2,1,4,1,6,11,poor,good,fast_food,3.92,94.73,172,9.5,22
547,female,19,hispanic,freshman,1,8.52,12.15,4,2,0,2,0,9,12,13,6,poor,average,restaurant,2.97,92.56,119,0.0,21
548,female,21,other,sophomore,1,8.81,9.28,3,0,1,6,1,13,2,13,12,poor,average,restaurant,3.93,92.46,108,12.5,21
549,female,18,hispanic,freshman,1,7.79,7.23,4,0,0,4,4,5,9,6,0,good,poor,home_made,4.0,83.76,48,0.0,21
550,female,19,white,freshman,1,6.12,20.23,3,4,1,7,3,6,3,7,9,average,average,home_made,2.65,80.63,148,10.5,25
551,female,19,hispanic,sophomore,1,8.01,19.01,4,0,0,0,0,7,1,5,1,poor,average,home_made,2.95,97.54,191,0.0,21
552,female,21,white,junior,1,7.11,10.46,2,2,0,0,4,7,5,11,16,poor,poor,home_made,2.93,78.93,220,4.0,23
553,male,21,other,freshman,1,4.12,14.05,3,1,0,4,3,12,12,10,18,good,good,home_made,3.59,89.41,174,0.0,27
554,female,21,black,junior,1,7.47,21.53,5,3,0,3,1,5,4,0,14,average,average,home_made,2.91,100.0,106,0.0,22
555,male,20,other,freshman,1,7.58,15.47,0,7,0,4,4,10,7,11,10,average,average,restaurant,2.84,88.15,115,0.0,22
556,female,20,hispanic,senior,1,7.2,7.78,3,3,0,5,2,11,10,13,15,poor,average,fast_food,2.55,88.96,114,8.0,20
557,male,18,hispanic,sophomore,1,7.23,10.38,0,4,0,2,0,12,5,7,14,good,average,fast_food,3.66,81.98,111,0.0,18
558,female,20,white,freshman,1,7.1,13.58,4,4,0,6,2,2,1,12,7,average,poor,home_made,3.12,94.68,132,0.0,19
559,female,19,hispanic,sophomore,1,7.0,23.68,0,0,0,2,1,11,9,2,2,average,good,home_made,3.73,90.29,135,0.0,23
560,female,19,other,senior,1,9.21,2.35,4,4,1,1,1,9,6,4,13,average,poor,restaurant,2.4,69.4,83,13.5,20
561,female,18,white,sophomore,1,5.22,15.0,5,3,0,4,2,5,3,3,20,average,average,fast_food,4.0,100.0,122,0.0,24
562,female,21,white,junior,1,7.29,12.38,2,0,0,6,0,10,13,10,7,average,poor,home_made,3.63,97.19,121,6.0,28
563,female,18,white,sophomore,1,7.33,23.98,1,8,1,4,0,5,1,5,0,average,average,fast_food,3.0,82.89,192,0.0,27
564,female,20,other,freshman,0,7.16,16.55,3,2,0,0,1,11,9,2,5,average,good,fast_food,3.5,97.18,127,5.5,22
565,female,22,white,freshman,1,7.78,11.51,3,0,0,6,3,8,10,8,6,average,average,fast_food,3.91,83.23,158,0.0,24
566,female,21,other,freshman,0,7.69,11.72,5,1,0,1,0,6,1,8,20,good,poor,home_made,4.0,100.0,119,11.0,21
567,female,19,white,freshman,1,6.16,11.38,3,2,1,0,0,1,12,9,14,good,poor,fast_food,2.99,71.25,108,0.0,17
568,female,23,white,sophomore,1,6.1,14.62,3,4,0,5,6,7,6,0,16,poor,poor,fast_food,3.87,78.07,148,5.5,21
569,male,21,white,sophomore,1,6.88,15.92,2,1,0,7,0,13,2,13,4,average,poor,fast_food,3.68,94.35,242,4.5,15
570,female,18,other,sophomore,1,6.51,6.29,2,4,1,3,1,11,11,4,0,poor,average,home_made,2.94,85.25,93,9.5,23
571,female,19,white,sophomore,1,7.9,8.68,3,0,0,4,0,12,1,12,14,average,poor,home_made,3.0,100.0,150,13.5,22
572,female,21,white,freshman,1,6.23,14.08,0,2,0,5,5,13,9,12,14,poor,average,restaurant,2.89,95.69,144,3.5,29
573,male,21,hispanic,junior,1,6.61,13.13,3,1,1,7,2,3,2,7,6,poor,average,home_made,2.88,85.56,116,11.5,25
574,female,20,white,junior,1,6.94,9.51,7,0,0,7,5,5,10,8,14,poor,average,fast_food,2.8,84.18,57,0.0,19
575,male,18,hispanic,freshman,1,7.0,0.27,1,4,0,7,1,5,3,4,8,average,average,restaurant,3.45,85.87,37,0.5,21
576,male,19,black,sophomore,1,7.75,6.8,1,0,0,7,0,8,13,9,13,average,average,home_made,4.0,87.86,76,4.0,11
577,male,21,white,sophomore,1,5.42,9.75,1,0,0,6,3,3,11,8,1,average,poor,restaurant,3.26,79.19,102,0.0,22
